component,eigenvalue,explained_variance_ratio
1,0.007394290736008899,0.7973578541886648
2,0.0008469051657339465,0.09132539005565311
3,0.0006043822105016621,0.06517310715530772
4,0.000295664484673736,0.03188276029115063
5,0.00013224821673005286,0.01426088830922397
