component,eigenvalue,explained_variance_ratio
1,0.00039229415242020526,0.3304376715819362
2,0.00031591584246038,0.2661026037590181
3,0.0002251733257738315,0.18966826044188917
4,0.0001482977920720555,0.12491437053219814
5,0.00010551449527469043,0.08887709368495836
